<?xml version="1.0"?>

<!-- RFC mode by Matthieu Casanova -->
<!DOCTYPE MODE SYSTEM "xmode.dtd">
<MODE>
	<RULES HIGHLIGHT_DIGITS="TRUE" IGNORE_CASE="FALSE">
		<SEQ_REGEXP HASH_CHAR="[" TYPE="KEYWORD3">\[Page \d+\]</SEQ_REGEXP>
		<SEQ_REGEXP HASH_CHAR="[" TYPE="KEYWORD2">\[RFC\d+\]</SEQ_REGEXP>
		<SPAN TYPE="LITERAL1" NO_LINE_BREAK="FALSE">
			<BEGIN>"</BEGIN>
			<END>"</END>
		</SPAN>
		<KEYWORDS>
			<!--{{{ Keyword list from RFC2119 -->
			<KEYWORD1>MUST</KEYWORD1>
			<KEYWORD1>MUST NOT</KEYWORD1>
			<KEYWORD1>REQUIRED</KEYWORD1>
			<KEYWORD1>SHALL</KEYWORD1>
			<KEYWORD1>SHALL NOT</KEYWORD1>
			<KEYWORD1>SHOULD</KEYWORD1>
			<KEYWORD1>SHOULD NOT</KEYWORD1>
			<KEYWORD1>RECOMMENDED</KEYWORD1>
			<KEYWORD1>MAY</KEYWORD1>
			<KEYWORD1>OPTIONAL</KEYWORD1> 
			<!--}}}-->
		</KEYWORDS>
	</RULES>
</MODE>
