<?xml version="1.0" encoding="UTF-8"?>
<project xmlns="http://maven.apache.org/POM/4.0.0" xmlns:xsi="http://www.w3.org/2001/XMLSchema-instance" xsi:schemaLocation="http://maven.apache.org/POM/4.0.0 http://maven.apache.org/maven-v4_0_0.xsd">
  <parent>
    <artifactId>openjpa-parent</artifactId>
    <groupId>org.apache.openjpa</groupId>
    <version>2.2.0</version>
  </parent>
  <modelVersion>4.0.0</modelVersion>
  <groupId>org.apache.openjpa</groupId>
  <artifactId>openjpa-all</artifactId>
  <name>OpenJPA Aggregate Jar with Dependencies</name>
  <build>
    <plugins>
      <plugin>
        <artifactId>maven-javadoc-plugin</artifactId>
        <configuration>
          <skip>true</skip>
        </configuration>
      </plugin>
      <plugin>
        <artifactId>maven-source-plugin</artifactId>
        <configuration>
          <attach>false</attach>
        </configuration>
      </plugin>
      <plugin>
        <artifactId>maven-jar-plugin</artifactId>
        <executions>
          <execution>
            <phase>none</phase>
          </execution>
        </executions>
      </plugin>
      <plugin>
        <artifactId>maven-shade-plugin</artifactId>
        <executions>
          <execution>
            <phase>package</phase>
            <goals>
              <goal>shade</goal>
            </goals>
            <configuration>
              <createDependencyReducedPom>true</createDependencyReducedPom>
              <createSourcesJar>${createSources}</createSourcesJar>
              <keepDependenciesWithProvidedScope>true</keepDependenciesWithProvidedScope>
              <promoteTransitiveDependencies>true</promoteTransitiveDependencies>
              <transformers>
                <transformer />
                <transformer>
                  <manifestEntries>
                    <Main-Class>org.apache.openjpa.conf.OpenJPAVersion</Main-Class>
                    <Premain-Class>org.apache.openjpa.enhance.PCEnhancerAgent</Premain-Class>
                    <Agent-Class>org.apache.openjpa.enhance.InstrumentationFactory</Agent-Class>
                    <Can-Redefine-Classes>true</Can-Redefine-Classes>
                    <Can-Retransform-Classes>true</Can-Retransform-Classes>
                    <Implementation-Title>Apache OpenJPA Aggregate JAR with dependencies</Implementation-Title>
                    <Specification-Title>JSR-317 Java Persistence</Specification-Title>
                    <Specification-Vendor>Sun Microsystems, Inc.</Specification-Vendor>
                    <Specification-Version>2.0</Specification-Version>
                  </manifestEntries>
                </transformer>
              </transformers>
            </configuration>
          </execution>
        </executions>
      </plugin>
    </plugins>
  </build>
  <dependencies>
    <dependency>
      <groupId>org.apache.openjpa</groupId>
      <artifactId>openjpa</artifactId>
      <version>2.2.0</version>
      <scope>provided</scope>
    </dependency>
    <dependency>
      <groupId>commons-lang</groupId>
      <artifactId>commons-lang</artifactId>
      <version>2.4</version>
      <scope>provided</scope>
    </dependency>
    <dependency>
      <groupId>commons-collections</groupId>
      <artifactId>commons-collections</artifactId>
      <version>3.2.1</version>
      <scope>provided</scope>
    </dependency>
    <dependency>
      <groupId>net.sourceforge.serp</groupId>
      <artifactId>serp</artifactId>
      <version>1.13.1</version>
      <scope>provided</scope>
    </dependency>
    <dependency>
      <groupId>org.apache.geronimo.specs</groupId>
      <artifactId>geronimo-jms_1.1_spec</artifactId>
      <version>1.1.1</version>
      <scope>provided</scope>
    </dependency>
    <dependency>
      <groupId>org.apache.geronimo.specs</groupId>
      <artifactId>geronimo-jta_1.1_spec</artifactId>
      <version>1.1.1</version>
      <scope>provided</scope>
    </dependency>
    <dependency>
      <groupId>commons-pool</groupId>
      <artifactId>commons-pool</artifactId>
      <version>1.5.4</version>
      <scope>provided</scope>
    </dependency>
    <dependency>
      <groupId>asm</groupId>
      <artifactId>asm</artifactId>
      <version>3.2</version>
      <scope>provided</scope>
    </dependency>
    <dependency>
      <groupId>org.apache.geronimo.specs</groupId>
      <artifactId>geronimo-jpa_2.0_spec</artifactId>
      <version>1.1</version>
      <scope>provided</scope>
    </dependency>
    <dependency>
      <groupId>commons-logging</groupId>
      <artifactId>commons-logging</artifactId>
      <version>1.0.4</version>
      <scope>provided</scope>
    </dependency>
    <dependency>
      <groupId>commons-dbcp</groupId>
      <artifactId>commons-dbcp</artifactId>
      <version>1.4</version>
      <scope>provided</scope>
    </dependency>
    <dependency>
      <groupId>org.apache.geronimo.specs</groupId>
      <artifactId>geronimo-validation_1.0_spec</artifactId>
      <version>1.1</version>
      <scope>provided</scope>
    </dependency>
    <dependency>
      <groupId>org.apache.bval</groupId>
      <artifactId>org.apache.bval.bundle</artifactId>
      <version>0.3-incubating</version>
      <scope>provided</scope>
    </dependency>
    <dependency>
      <groupId>org.apache.bval</groupId>
      <artifactId>bval-core</artifactId>
      <version>0.3-incubating</version>
      <scope>provided</scope>
    </dependency>
    <dependency>
      <groupId>org.slf4j</groupId>
      <artifactId>slf4j-api</artifactId>
      <version>1.6.1</version>
      <scope>provided</scope>
    </dependency>
    <dependency>
      <groupId>commons-beanutils</groupId>
      <artifactId>commons-beanutils-core</artifactId>
      <version>1.8.3</version>
      <scope>provided</scope>
    </dependency>
    <dependency>
      <groupId>org.apache.bval</groupId>
      <artifactId>bval-jsr303</artifactId>
      <version>0.3-incubating</version>
      <scope>provided</scope>
    </dependency>
    <dependency>
      <groupId>commons-beanutils</groupId>
      <artifactId>commons-beanutils</artifactId>
      <version>1.8.3</version>
      <scope>provided</scope>
    </dependency>
  </dependencies>
</project>

