<?xml version="1.0" encoding="UTF-8"?>
<appendix id="appendix">
    <title>Contributors</title>

    <!-- jEdit buffer-local properties:                      -->

    <!-- :indentSize=4:noTabs=false:maxLineLen=72:tabSize=4: -->

    <!-- :xml.root=faq.xml:                                  -->

    <!-- jEdit FAQ                                           -->

    <!-- Copyright (C) 2003 John Gellene, Kris Kopicki       -->

    <para>Thanks to those who contributed both questions and answers, including
    the following:</para>

    <itemizedlist>
        <listitem>
            <para>Mike Dillon</para>
        </listitem>

        <listitem>
            <para>Kris Kopicki</para>
        </listitem>

        <listitem>
            <para>Slava Pestov</para>
        </listitem>

        <listitem>
            <para>Frank Rocca</para>
        </listitem>

        <listitem>
            <para>Maik Schreiber</para>
        </listitem>

        <listitem>
            <para>Dominic Stolerman</para>
        </listitem>
    </itemizedlist>
</appendix>